Workbook

Sheet IDs
A1: ID | B1: DEPARTAMENTO | C1: COD_DPTO | D1: MUNICIPIO | E1: COD_MCPIO | F1: Cod_candidato | G1: NOMBRE | H1: Votos | I1: PARTIDO | J1: COD_PARTIDO | K1: GENERO | L1: EDAD | M1: EDAD_CAT | N1: age (estimada) | O1: gender (estimado) | P1: blurness | Q1: facequality | R1: yaw_angle | S1: pitch_angle | T1: roll_angle | U1: BD | V1: alto | W1: ancho | X1: fhwr | Y1: alto_rot | Z1: ancho_rot | AA1: fhwr_rot | AB1: alto_correg | AC1: ancho_correg | AD1: fhwr_correg | AE1: Clasificación Met 3 | AF1: =MEDIAN(X2:X2796) -> 1.7692308 | AG1: Ideologia | AH1: Sexo | AI1: Dominancia | AJ1: Edad | AK1: Código
A2: 10112103 | B2: ANTIOQUIA | C2: 101 | D2: ENVIGADO | E2: 121 | F2: 03 | G2: JOSE HILARIO LOPEZ NIÑO | H2: 1987 | I2: PARTIDO POLO DEMOCRATICO ALTERNATIVO | J2: 9 | K2: M | L2: 65 | M2: =IF(L2<=45,"Joven","Mayor") -> Mayor | N2: 74 | O2: Male | P2: 0.092 | Q2: 93.484 | R2: 2.5709925 | S2: 1.0271691 | T2: -2.8453186 | U2: 1.472 | V2: 109 | W2: 153 | X2: 1.4036697 | Y2: 112 | Z2: 153 | AA2: 1.3660714 | AB2: 113.84752 | AC2: 152.76174 | AD2: 1.34181 | AE2: Izquierda | AF2: =IF(X2<$AF$1,"Bajo","Alto") -> Bajo | AG2: =LEFT(AE2,1) -> I | AH2: =K2 -> M | AI2: =LEFT(AF2,1) -> B | AJ2: =LEFT(M2,1) -> M | AK2: =_xlfn.CONCAT(AG2,AH2,AI2,AJ2) -> IMBM
A3: 4686502 | B3: CASANARE | C3: 46 | D3: TRINIDAD | E3: 865 | F3: 02 | G3: JESUS NOLBERTO MONROY MORENO | H3: 3002 | I3: PARTIDO CENTRO DEMOCRATICO | J3: 11 | K3: M | L3: 29 | M3: =IF(L3<=45,"Joven","Mayor") -> Joven | N3: 31 | O3: Male | P3: 0.146 | Q3: 94.205 | R3: 0.9806665 | S3: 2.041488 | T3: 4.2579937 | U3: 1.296 | V3: 74 | W3: 165 | X3: 2.2297297 | Y3: 80 | Z3: 165 | AA3: 2.0625 | AB3: 77.285386 | AC3: 164.99006 | AD3: 2.1348157 | AE3: Derecha | AF3: =IF(X3<$AF$1,"Bajo","Alto") -> Alto | AG3: =LEFT(AE3,1) -> D | AH3: =K3 -> M | AI3: =LEFT(AF3,1) -> A | AJ3: =LEFT(M3,1) -> J | AK3: =_xlfn.CONCAT(AG3,AH3,AI3,AJ3) -> DMAJ
A4: 281006 | B4: SUCRE | C4: 28 | D4: BUENAVISTA | E4: 10 | F4: 06 | G4: FRANCISCO HERNANDO HERNANDEZ RODRIGUEZ | H4: 158 | I4: PARTIDO SOCIAL DE UNIDAD NACIONAL PARTIDO DE LA U | J4: 8 | K4: M | L4: 67 | M4: =IF(L4<=45,"Joven","Mayor") -> Mayor | N4: 54 | O4: Male | P4: 0.434 | Q4: 92.986 | R4: -2.59908 | S4: 2.8451343 | T4: 5.9556427 | U4: 7.46 | V4: 87 | W4: 120 | X4: 1.3793103 | Y4: 87 | Z4: 120 | AA4: 1.3793103 | AB4: 89.643174 | AC4: 119.14479 | AD4: 1.3291005 | AE4: Centro | AF4: =IF(X4<$AF$1,"Bajo","Alto") -> Bajo | AG4: =LEFT(AE4,1) -> C | AH4: =K4 -> M | AI4: =LEFT(AF4,1) -> B | AJ4: =LEFT(M4,1) -> M | AK4: =_xlfn.CONCAT(AG4,AH4,AI4,AJ4) -> CMBM
A5: 171103 | B5: CHOCO | C5: 17 | D5: BOJAYA | E5: 11 | F5: 03 | G5: ORLANDO HINESTROZA MOSQUERA | H5: 9 | I5: PARTIDO CAMBIO RADICAL | J5: 3 | K5: M | L5: 53 | M5: =IF(L5<=45,"Joven","Mayor") -> Mayor | N5: 56 | O5: Male | P5: 0.322 | Q5: 94.077 | R5: 0.5296137 | S5: 3.5385559 | T5: 0.10976691 | U5: 13.264 | V5: 102 | W5: 143 | X5: 1.4019608 | Y5: 104 | Z5: 143 | AA5: 1.375 | AB5: 103.92126 | AC5: 142.99974 | AD5: 1.3760393 | AE5: Centro | AF5: =IF(X5<$AF$1,"Bajo","Alto") -> Bajo | AG5: =LEFT(AE5,1) -> C | AH5: =K5 -> M | AI5: =LEFT(AF5,1) -> B | AJ5: =LEFT(M5,1) -> M | AK5: =_xlfn.CONCAT(AG5,AH5,AI5,AJ5) -> CMBM
A6: 312206 | B6: VALLE | C6: 31 | D6: Guadalajara de Buga | E6: 22 | F6: 06 | G6: TULIA MARIA DE LAS MERCEDES BARRETO DE GURISATTI | H6: 1566 | I6: BUGA HUMANA | J6: 3820 | K6: F | L6: 70 | M6: =IF(L6<=45,"Joven","Mayor") -> Mayor | N6: 66 | O6: Female | P6: 0.359 | Q6: 93.696 | R6: 0.39352816 | S6: 5.267044 | T6: -0.43452626 | U6: 2.703 | V6: 102 | W6: 148 | X6: 1.4509804 | Y6: 104 | Z6: 148 | AA6: 1.4230769 | AB6: 103.69366 | AC6: 148.01091 | AD6: 1.4273864 | AE6: Centro | AF6: =IF(X6<$AF$1,"Bajo","Alto") -> Bajo | AG6: =LEFT(AE6,1) -> C | AH6: =K6 -> F | AI6: =LEFT(AF6,1) -> B | AJ6: =LEFT(M6,1) -> M | AK6: =_xlfn.CONCAT(AG6,AH6,AI6,AJ6) -> CFBM
A7: 1057607 | B7: BOLIVAR | C7: 105 | D7: SAN JACINTO | E7: 76 | F7: 07 | G7: JORGE ENRIQUE CASTELLAR SCHMITH | H7: 8158 | I7: PARTIDO ALIANZA SOCIAL INDEPENDIENTE ASI | J7: 6 | K7: M | L7: 49 | M7: =IF(L7<=45,"Joven","Mayor") -> Mayor | N7: 52 | O7: Male | P7: 0.798 | Q7: 77.245 | R7: 10.541581 | S7: -5.7630653 | T7: -5.831015 | U7: 5.083 | V7: 77 | W7: 173 | X7: 2.2467532 | Y7: 84 | Z7: 173 | AA7: 2.0595238 | AB7: 81.681332 | AC7: 172.91763 | AD7: 2.1169786 | AE7: Centro | AF7: =IF(X7<$AF$1,"Bajo","Alto") -> Alto | AG7: =LEFT(AE7,1) -> C | AH7: =K7 -> M | AI7: =LEFT(AF7,1) -> A | AJ7: =LEFT(M7,1) -> M | AK7: =_xlfn.CONCAT(AG7,AH7,AI7,AJ7) -> CMAM
A8: 173803 | B8: CHOCO | C8: 17 | D8: EL LITORAL DEL SAN JUAN | E8: 38 | F8: 03 | G8: JHON JAIRO GUTIERREZ PRETEL | H8: 1667 | I8: PARTIDO ALIANZA VERDE | J8: 4 | K8: M | L8: 42 | M8: =IF(L8<=45,"Joven","Mayor") -> Joven | N8: 49 | O8: Male | P8: 1.13 | Q8: 48.268 | R8: 16.222786 | S8: 0.9361081 | T8: -23.89153 | U8: 1.202 | V8: 39 | W8: 95 | X8: 2.4358974 | Y8: 56 | Z8: 95 | AA8: 1.6964286 | AB8: 50.643478 | AC8: 99.82002 | AD8: 1.9710341 | AE8: Centro | AF8: =IF(X8<$AF$1,"Bajo","Alto") -> Alto | AG8: =LEFT(AE8,1) -> C | AH8: =K8 -> M | AI8: =LEFT(AF8,1) -> A | AJ8: =LEFT(M8,1) -> J | AK8: =_xlfn.CONCAT(AG8,AH8,AI8,AJ8) -> CMAJ
A9: 156703 | B9: CUNDINAMARCA | C9: 15 | D9: EL COLEGIO | E9: 67 | F9: 03 | G9: DIEGO ANDRES LOPEZ SUAREZ | H9: 4899 | I9: MESITAS SEGUIRA AVANZANDO | J9: 4221 | K9: M | L9: 36 | M9: =IF(L9<=45,"Joven","Mayor") -> Joven | N9: 47 | O9: Male | P9: 0.35 | Q9: 80.077 | R9: 8.631894 | S9: 9.674984 | T9: -3.4609218 | U9: 0.601 | V9: 136 | W9: 188 | X9: 1.3823529 | Y9: 137 | Z9: 188 | AA9: 1.3722628 | AB9: 139.22522 | AC9: 187.59676 | AD9: 1.3474338 | AE9: Centro | AF9: =IF(X9<$AF$1,"Bajo","Alto") -> Bajo | AG9: =LEFT(AE9,1) -> C | AH9: =K9 -> M | AI9: =LEFT(AF9,1) -> B | AJ9: =LEFT(M9,1) -> J | AK9: =_xlfn.CONCAT(AG9,AH9,AI9,AJ9) -> CMBJ
A10: 134902 | B10: CORDOBA | C10: 13 | D10: SAN CARLOS | E10: 49 | F10: 02 | G10: FRAY DOMINGO MONTERROSA JARAMILLO | H10: 5212 | I10: PARTIDO CENTRO DEMOCRATICO | J10: 11 | K10: M | L10: 39 | M10: =IF(L10<=45,"Joven","Mayor") -> Joven | N10: 43 | O10: Male | P10: 0.587 | Q10: 79.905 | R10: 9.920778 | S10: -5.1692505 | T10: -7.014399 | U10: 19.605 | V10: 66 | W10: 143 | X10: 2.1666667 | Y10: 75 | Z10: 143 | AA10: 1.9066667 | AB10: 70.042386 | AC10: 142.78455 | AD10: 2.0385449 | AE10: Derecha | AF10: =IF(X10<$AF$1,"Bajo","Alto") -> Alto | AG10: =LEFT(AE10,1) -> D | AH10: =K10 -> M | AI10: =LEFT(AF10,1) -> A | AJ10: =LEFT(M10,1) -> J | AK10: =_xlfn.CONCAT(AG10,AH10,AI10,AJ10) -> DMAJ
A11: 284204 | B11: SUCRE | C11: 28 | D11: EL ROBLE | E11: 42 | F11: 04 | G11: SERGUEY ALFREDO VERGARA VERGARA | H11: 3236 | I11: PARTIDO SOCIAL DE UNIDAD NACIONAL PARTIDO DE LA U | J11: 8 | K11: M | L11: 40 | M11: =IF(L11<=45,"Joven","Mayor") -> Joven | N11: 47 | O11: Male | P11: 0.258 | Q11: 41.191 | R11: 17.109182 | S11: -2.1733773 | T11: -18.046333 | U11: 7.769 | V11: 74 | W11: 172 | X11: 2.3243243 | Y11: 99 | Z11: 172 | AA11: 1.7373737 | AB11: 88.327254 | AC11: 174.69098 | AD11: 1.9777699 | AE11: Centro | AF11: =IF(X11<$AF$1,"Bajo","Alto") -> Alto | AG11: =LEFT(AE11,1) -> C | AH11: =K11 -> M | AI11: =LEFT(AF11,1) -> A | AJ11: =LEFT(M11,1) -> J | AK11: =_xlfn.CONCAT(AG11,AH11,AI11,AJ11) -> CMAJ
A12: 540701 | B12: GUAVIARE | C12: 54 | D12: EL RETORNO | E12: 07 | F12: 01 | G12: ALEX HERNAN OCAMPO RODRIGUEZ | H12: 2872 | I12: UNIDOS POR EL PROGRESO Y DESARROLLO DEL RETORNO | J12: 3386 | K12: M | L12: 32 | M12: =IF(L12<=45,"Joven","Mayor") -> Joven | N12: 42 | O12: Male | P12: 0.279 | Q12: 90.96 | R12: -3.8850567 | S12: 5.9307837 | T12: 0.013835135 | U12: 2.328 | V12: 73 | W12: 164 | X12: 2.2465753 | Y12: 73 | Z12: 164 | AA12: 2.2465753 | AB12: 73.009174 | AC12: 163.99855 | AD12: 2.2462731 | AE12: Centro | AF12: =IF(X12<$AF$1,"Bajo","Alto") -> Alto | AG12: =LEFT(AE12,1) -> C | AH12: =K12 -> M | AI12: =LEFT(AF12,1) -> A | AJ12: =LEFT(M12,1) -> J | AK12: =_xlfn.CONCAT(AG12,AH12,AI12,AJ12) -> CMAJ
A13: 2912706 | B13: TOLIMA | C13: 29 | D13: VILLARRICA | E13: 127 | F13: 06 | G13: FRANKI JUTINICO LANCHEROS | H13: 17 | I13: PARTIDO ALIANZA VERDE | J13: 4 | K13: M | L13: 42 | M13: =IF(L13<=45,"Joven","Mayor") -> Joven | N13: 43 | O13: Male | P13: 0.359 | Q13: 66.099 | R13: 7.490429 | S13: 18.845207 | T13: -1.8962249 | U13: 2.291 | V13: 118 | W13: 167 | X13: 1.4152542 | Y13: 118 | Z13: 167 | AA13: 1.4152542 | AB13: 119.35822 | AC13: 166.87546 | AD13: 1.3981061 | AE13: Centro | AF13: =IF(X13<$AF$1,"Bajo","Alto") -> Bajo | AG13: =LEFT(AE13,1) -> C | AH13: =K13 -> M | AI13: =LEFT(AF13,1) -> B | AJ13: =LEFT(M13,1) -> J | AK13: =_xlfn.CONCAT(AG13,AH13,AI13,AJ13) -> CMBJ
... A2304: 2912702 | B2304: TOLIMA | C2304: 29 | D2304: VILLARRICA | E2304: 127 | F2304: 02 | G2304: JAVIER ORLANDO MONTILLA ORTIZ | H2304: 737 | I2304: PARTIDO CENTRO DEMOCRATICO | J2304: 11 | K2304: M | L2304: 40 | M2304: =IF(L2304<=45,"Joven","Mayor") -> Joven | N2304: 44 | O2304: Male | P2304: 0.356 | Q2304: 92.929 | R2304: 3.324047 | S2304: 0.7344494 | T2304: 0.8421307 | U2304: 1.28 | V2304: 94 | W2304: 162 | X2304: 1.7234043 | Y2304: 101 | Z2304: 162 | AA2304: 1.6039604 | AB2304: 100.3718 | AC2304: 162.10008 | AD2304: 1.6149963 | AE2304: Derecha | AF2304: =IF(X2304<$AF$1,"Bajo","Alto") -> Bajo | AG2304: =LEFT(AE2304,1) -> D | AH2304: =K2304 -> M | AI2304: =LEFT(AF2304,1) -> B | AJ2304: =LEFT(M2304,1) -> J | AK2304: =_xlfn.CONCAT(AG2304,AH2304,AI2304,AJ2304) -> DMBJ
A2305: 2716907 | B2305: SANTANDER | C2305: 27 | D2305: PUERTO WILCHES | E2305: 169 | F2305: 07 | G2305: LUCELY SUAREZ PEÑA | H2305: 1207 | J2305: 355 | K2305: F | L2305: 56 | M2305: =IF(L2305<=45,"Joven","Mayor") -> Mayor | N2305: 60 | O2305: Female | P2305: 0.705 | Q2305: 93.934 | R2305: 0.30544433 | S2305: 4.217708 | T2305: 0.98660374 | U2305: 75.694 | V2305: 84 | W2305: 145 | X2305: 1.7261905 | Y2305: 89 | Z2305: 145 | AA2305: 1.6292135 | AB2305: 88.521903 | AC2305: 145.09903 | AD2305: 1.6391314 | AE2305: Centro | AF2305: =IF(X2305<$AF$1,"Bajo","Alto") -> Bajo | AG2305: =LEFT(AE2305,1) -> C | AH2305: =K2305 -> F | AI2305: =LEFT(AF2305,1) -> B | AJ2305: =LEFT(M2305,1) -> M | AK2305: =_xlfn.CONCAT(AG2305,AH2305,AI2305,AJ2305) -> CFBM
A2306: 2510004 | B2306: NORTE DE SANTANDER | C2306: 25 | D2306: VILLA DEL ROSARIO | E2306: 100 | F2306: 04 | G2306: CARLOS JULIO SOCHA HERNANDEZ | H2306: 16698 | I2306: PARTIDO SOCIAL DE UNIDAD NACIONAL PARTIDO DE LA U | J2306: 8 | K2306: M | L2306: 54 | M2306: =IF(L2306<=45,"Joven","Mayor") -> Mayor | N2306: 53 | O2306: Female | P2306: 0.707 | Q2306: 71.713 | R2306: 12.661247 | S2306: 0.5783454 | T2306: -9.593521 | U2306: 32.495 | V2306: 85 | W2306: 153 | X2306: 1.8 | Y2306: 90 | Z2306: 153 | AA2306: 1.7 | AB2306: 92.6441 | AC2306: 152.52685 | AD2306: 1.6463741 | AE2306: Centro | AF2306: =IF(X2306<$AF$1,"Bajo","Alto") -> Alto | AG2306: =LEFT(AE2306,1) -> C | AH2306: =K2306 -> M | AI2306: =LEFT(AF2306,1) -> A | AJ2306: =LEFT(M2306,1) -> M | AK2306: =_xlfn.CONCAT(AG2306,AH2306,AI2306,AJ2306) -> CMAM
A2307: 155509 | B2307: CUNDINAMARCA | C2307: 15 | D2307: CHIA | E2307: 55 | F2307: 09 | G2307: ORLANDO GAONA OVALLE | H2307: 573 | I2307: PARTIDO POLO DEMOCRATICO ALTERNATIVO | J2307: 9 | K2307: M | L2307: 52 | M2307: =IF(L2307<=45,"Joven","Mayor") -> Mayor | N2307: 60 | O2307: Male | P2307: 0.296 | Q2307: 91.173 | R2307: 2.9450564 | S2307: 7.4783716 | T2307: -10.127351 | U2307: 1.89 | V2307: 84 | W2307: 146 | X2307: 1.7380952 | Y2307: 91 | Z2307: 146 | AA2307: 1.6043956 | AB2307: 91.483059 | AC2307: 146.53861 | AD2307: 1.6018115 | AE2307: Izquierda | AF2307: =IF(X2307<$AF$1,"Bajo","Alto") -> Bajo | AG2307: =LEFT(AE2307,1) -> I | AH2307: =K2307 -> M | AI2307: =LEFT(AF2307,1) -> B | AJ2307: =LEFT(M2307,1) -> M | AK2307: =_xlfn.CONCAT(AG2307,AH2307,AI2307,AJ2307) -> IMBM
A2308: 10719001 | B2308: BOYACA | C2308: 107 | D2308: PAUNA | E2308: 190 | F2308: 01 | G2308: HENRY IVAN MATALLANA TORRES | H2308: 2580 | I2308: PARTIDO CENTRO DEMOCRATICO | J2308: 11 | K2308: M | L2308: 48 | M2308: =IF(L2308<=45,"Joven","Mayor") -> Mayor | N2308: 45 | O2308: Male | P2308: 0.368 | Q2308: 93.043 | R2308: 1.2576555 | S2308: -5.8304243 | T2308: 4.8649282 | U2308: 12.233 | V2308: 92 | W2308: 164 | X2308: 1.7826087 | Y2308: 100 | Z2308: 164 | AA2308: 1.64 | AB2308: 96.162651 | AC2308: 164.08763 | AD2308: 1.7063551 | AE2308: Derecha | AF2308: =IF(X2308<$AF$1,"Bajo","Alto") -> Alto | AG2308: =LEFT(AE2308,1) -> D | AH2308: =K2308 -> M | AI2308: =LEFT(AF2308,1) -> A | AJ2308: =LEFT(M2308,1) -> M | AK2308: =_xlfn.CONCAT(AG2308,AH2308,AI2308,AJ2308) -> DMAM
A2309: 10732504 | B2309: BOYACA | C2309: 107 | D2309: TURMEQUE | E2309: 325 | F2309: 04 | G2309: CLAUDIA JOAN POLINDARA ROMERO | H2309: 224 | I2309: PARTIDO POLO DEMOCRATICO ALTERNATIVO | J2309: 9 | K2309: F | L2309: 35 | M2309: =IF(L2309<=45,"Joven","Mayor") -> Joven | N2309: 25 | O2309: Female | P2309: 0.394 | Q2309: 87.797 | R2309: 6.4393187 | S2309: 5.566994 | T2309: -7.097029 | U2309: 21.274 | V2309: 89 | W2309: 154 | X2309: 1.7303371 | Y2309: 97 | Z2309: 154 | AA2309: 1.5876289 | AB2309: 94.248514 | AC2309: 153.80851 | AD2309: 1.6319462 | AE2309: Izquierda | AF2309: =IF(X2309<$AF$1,"Bajo","Alto") -> Bajo | AG2309: =LEFT(AE2309,1) -> I | AH2309: =K2309 -> F | AI2309: =LEFT(AF2309,1) -> B | AJ2309: =LEFT(M2309,1) -> J | AK2309: =_xlfn.CONCAT(AG2309,AH2309,AI2309,AJ2309) -> IFBJ
A2310: 2910504 | B2310: TOLIMA | C2310: 29 | D2310: SALDAÑA | E2310: 105 | F2310: 04 | G2310: LUIS JORGE RODRIGUEZ PEÑA | H2310: 3637 | I2310: JUNTOS POR SALDAÃ±A | J2310: 3532 | K2310: M | L2310: 46 | M2310: =IF(L2310<=45,"Joven","Mayor") -> Mayor | N2310: 55 | O2310: Male | P2310: 0.324 | Q2310: 94.148 | R2310: 0.7308823 | S2310: -2.755832 | T2310: -5.2214804 | U2310: 6.398 | V2310: 96 | W2310: 167 | X2310: 1.7395833 | Y2310: 100 | Z2310: 167 | AA2310: 1.67 | AB2310: 99.787907 | AC2310: 167.30807 | AD2310: 1.6766368 | AE2310: Centro | AF2310: =IF(X2310<$AF$1,"Bajo","Alto") -> Bajo | AG2310: =LEFT(AE2310,1) -> C | AH2310: =K2310 -> M | AI2310: =LEFT(AF2310,1) -> B | AJ2310: =LEFT(M2310,1) -> M | AK2310: =_xlfn.CONCAT(AG2310,AH2310,AI2310,AJ2310) -> CMBM
A2311: 264002 | B2311: QUINDIO | C2311: 26 | D2311: GENOVA | E2311: 40 | F2311: 02 | G2311: CARLOS ALBERTO SIERRA NEIRA | H2311: 277 | I2311: PARTIDO SOCIAL DE UNIDAD NACIONAL PARTIDO DE LA U | J2311: 8 | K2311: M | L2311: 46 | M2311: =IF(L2311<=45,"Joven","Mayor") -> Mayor | N2311: 58 | O2311: Male | P2311: 0.195 | Q2311: 91.327 | R2311: 3.352528 | S2311: 6.3487673 | T2311: -6.4172387 | U2311: 3.578 | V2311: 115 | W2311: 207 | X2311: 1.8 | Y2311: 132 | Z2311: 207 | AA2311: 1.5681818 | AB2311: 126.81398 | AC2311: 208.27367 | AD2311: 1.6423557 | AE2311: Centro | AF2311: =IF(X2311<$AF$1,"Bajo","Alto") -> Alto | AG2311: =LEFT(AE2311,1) -> C | AH2311: =K2311 -> M | AI2311: =LEFT(AF2311,1) -> A | AJ2311: =LEFT(M2311,1) -> M | AK2311: =_xlfn.CONCAT(AG2311,AH2311,AI2311,AJ2311) -> CMAM
A2312: 313105 | B2312: VALLE | C2312: 31 | D2312: CANDELARIA | E2312: 31 | F2312: 05 | G2312: JORGE ELIECER RAMIREZ MOSQUERA | H2312: 15173 | I2312: PARTIDO CAMBIO RADICAL | J2312: 3 | K2312: M | L2312: 60 | M2312: =IF(L2312<=45,"Joven","Mayor") -> Mayor | N2312: 45 | O2312: Male | P2312: 0.413 | Q2312: 92.892 | R2312: 2.3500657 | S2312: 3.9089465 | T2312: -4.704864 | U2312: 3.138 | V2312: 105 | W2312: 189 | X2312: 1.8 | Y2312: 114 | Z2312: 189 | AA2312: 1.6578947 | AB2312: 109.76078 | AC2312: 189.42945 | AD2312: 1.7258391 | AE2312: Centro | AF2312: =IF(X2312<$AF$1,"Bajo","Alto") -> Alto | AG2312: =LEFT(AE2312,1) -> C | AH2312: =K2312 -> M | AI2312: =LEFT(AF2312,1) -> A | AJ2312: =LEFT(M2312,1) -> M | AK2312: =_xlfn.CONCAT(AG2312,AH2312,AI2312,AJ2312) -> CMAM
A2313: 1522303 | B2313: CUNDINAMARCA | C2313: 15 | D2313: SAN BERNARDO | E2313: 223 | F2313: 03 | G2313: PEDRO JULIO GUTIERREZ SABOGAL | H2313: 2372 | I2313: SAN BERNARDO NOS UNE | J2313: 2457 | K2313: M | L2313: 30 | M2313: =IF(L2313<=45,"Joven","Mayor") -> Joven | N2313: 40 | O2313: Male | P2313: 0.351 | Q2313: 71.225 | R2313: 11.713848 | S2313: 7.5057716 | T2313: -3.8365088 | U2313: 5.699 | V2313: 75 | W2313: 131 | X2313: 1.7466667 | Y2313: 76 | Z2313: 131 | AA2313: 1.7236842 | AB2313: 78.238435 | AC2313: 130.84025 | AD2313: 1.6723271 | AE2313: Centro | AF2313: =IF(X2313<$AF$1,"Bajo","Alto") -> Bajo | AG2313: =LEFT(AE2313,1) -> C | AH2313: =K2313 -> M | AI2313: =LEFT(AF2313,1) -> B | AJ2313: =LEFT(M2313,1) -> J | AK2313: =_xlfn.CONCAT(AG2313,AH2313,AI2313,AJ2313) -> CMBJ
A2314: 240105 | B2314: RISARALDA | C2314: 24 | D2314: PEREIRA | E2314: 01 | F2314: 05 | G2314: JESUS MARIA HERNANDEZ CRUZ | H2314: 931 | I2314: PACTO POR PEREIRA | J2314: 1009 | K2314: M | L2314: 56 | M2314: =IF(L2314<=45,"Joven","Mayor") -> Mayor | N2314: 58 | O2314: Male | P2314: 0.341 | Q2314: 36.409 | R2314: 17.75618 | S2314: 1.3602852 | T2314: -3.3779602 | U2314: 1.778 | V2314: 99 | W2314: 178 | X2314: 1.7979798 | Y2314: 102 | Z2314: 178 | AA2314: 1.745098 | AB2314: 101.30273 | AC2314: 177.21936 | AD2314: 1.7494035 | AE2314: Centro | AF2314: =IF(X2314<$AF$1,"Bajo","Alto") -> Alto | AG2314: =LEFT(AE2314,1) -> C | AH2314: =K2314 -> M | AI2314: =LEFT(AF2314,1) -> A | AJ2314: =LEFT(M2314,1) -> M | AK2314: =_xlfn.CONCAT(AG2314,AH2314,AI2314,AJ2314) -> CMAM
A2315: 600109 | B2315: AMAZONAS | C2315: 60 | D2315: LETICIA | E2315: 01 | F2315: 09 | G2315: JOSE FERNANDO RAMIREZ BANDEIRA | H2315: 2364 | I2315: PARTIDO POLO DEMOCRATICO ALTERNATIVO | J2315: 9 | K2315: M | L2315: 58 | M2315: =IF(L2315<=45,"Joven","Mayor") -> Mayor | N2315: 61 | O2315: Male | P2315: 0.353 | Q2315: 91.601 | R2315: 1.3226063 | S2315: 9.231194 | T2315: -6.36436 | U2315: 83.179 | V2315: 88 | W2315: 153 | X2315: 1.7386364 | Y2315: 94 | Z2315: 153 | AA2315: 1.6276596 | AB2315: 92.335095 | AC2315: 153.16558 | AD2315: 1.6588013 | AE2315: Izquierda | AF2315: =IF(X2315<$AF$1,"Bajo","Alto") -> Bajo | AG2315: =LEFT(AE2315,1) -> I | AH2315: =K2315 -> M | AI2315: =LEFT(AF2315,1) -> B | AJ2315: =LEFT(M2315,1) -> M | AK2315: =_xlfn.CONCAT(AG2315,AH2315,AI2315,AJ2315) -> IMBM
A2316: 170404 | B2316: CHOCO | C2316: 17 | D2316: ACANDI | E2316: 04 | F2316: 04 | G2316: EMILIA BELLO ALTAMIRANDA | H2316: 2022 | I2316: ACANDI UN PROYECTO DE TODOS | J2316: 3222 | K2316: F | L2316: 44 | M2316: =IF(L2316<=45,"Joven","Mayor") -> Joven | N2316: 36 | O2316: Female | P2316: 0.055 | Q2316: 14.635 | R2316: 20.828072 | S2316: -1.5053096 | T2316: -10.305333 | U2316: 41.723 | V2316: 78 | W2316: 136 | X2316: 1.7435897 | Y2316: 85 | Z2316: 136 | AA2316: 1.6 | AB2316: 81.929654 | AC2316: 133.98499 | AD2316: 1.6353663 | AE2316: Centro | AF2316: =IF(X2316<$AF$1,"Bajo","Alto") -> Bajo | AG2316: =LEFT(AE2316,1) -> C | AH2316: =K2316 -> F | AI2316: =LEFT(AF2316,1) -> B | AJ2316: =LEFT(M2316,1) -> J | AK2316: =_xlfn.CONCAT(AG2316,AH2316,AI2316,AJ2316) -> CFBJ
A2317: 10120803 | B2317: ANTIOQUIA | C2317: 101 | D2317: REMEDIOS | E2317: 208 | F2317: 03 | G2317: HECTOR ANDRES ORREGO RUIZ | H2317: 1716 | I2317: PARTIDO ALIANZA VERDE | J2317: 4 | K2317: M | L2317: 36 | M2317: =IF(L2317<=45,"Joven","Mayor") -> Joven | N2317: 35 | O2317: Male | P2317: 0.479 | Q2317: 94.46 | R2317: 0.59469515 | S2317: 1.2446107 | T2317: 2.4238944 | U2317: 3.77 | V2317: 80 | W2317: 144 | X2317: 1.8 | Y2317: 81 | Z2317: 144 | AA2317: 1.7777778 | AB2317: 81.577823 | AC2317: 143.87116 | AD2317: 1.7636063 | AE2317: Centro | AF2317: =IF(X2317<$AF$1,"Bajo","Alto") -> Alto | AG2317: =LEFT(AE2317,1) -> C | AH2317: =K2317 -> M | AI2317: =LEFT(AF2317,1) -> A | AJ2317: =LEFT(M2317,1) -> J | AK2317: =_xlfn.CONCAT(AG2317,AH2317,AI2317,AJ2317) -> CMAJ
... A2796: 293102 | B2796: TOLIMA | C2796: 29 | D2796: COELLO | E2796: 31 | F2796: 02 | G2796: DIEGO ALEXANDER PERDOMO DEVIA | H2796: 2020 | I2796: PARTIDO COLOMBIA RENACIENTE | J2796: 15 | K2796: M | L2796: 40 | M2796: =IF(L2796<=45,"Joven","Mayor") -> Joven | N2796: 41 | O2796: Male | P2796: 0.366 | Q2796: 86.202 | R2796: 8.011149 | S2796: 2.8046312 | T2796: -8.221352 | U2796: 28.196 | V2796: 104 | W2796: 184 | X2796: 1.7692308 | Y2796: 104 | Z2796: 184 | AA2796: 1.7692308 | AB2796: 109.65209 | AC2796: 182.25203 | AD2796: 1.6620936 | AE2796: Centro | AF2796: =IF(X2796<$AF$1,"Bajo","Alto") -> Alto | AG2796: =LEFT(AE2796,1) -> C | AH2796: =K2796 -> M | AI2796: =LEFT(AF2796,1) -> A | AJ2796: =LEFT(M2796,1) -> J | AK2796: =_xlfn.CONCAT(AG2796,AH2796,AI2796,AJ2796) -> CMAJ

Sheet Resumen
C1: Ideologia | D1: Sexo | E1: Dominancia | F1: Edad
C2: I | D2: F | E2: A | F2: J
C3: C | D3: M | E3: B | F3: M
C4: D
B7: 1 | C7: I | D7: F | E7: A | F7: J | G7: =_xlfn.CONCAT(C7,D7,E7,F7) -> IFAJ | H7: =COUNTIF(IDs!AK:AK,Resumen!G7) -> 6
B8: 2 | C8: I | D8: F | E8: A | F8: M | G8: =_xlfn.CONCAT(C8,D8,E8,F8) -> IFAM | H8: =COUNTIF(IDs!AK:AK,Resumen!G8) -> 3
B9: 3 | C9: I | D9: F | E9: B | F9: J | G9: =_xlfn.CONCAT(C9,D9,E9,F9) -> IFBJ | H9: =COUNTIF(IDs!AK:AK,Resumen!G9) -> 9
B10: 4 | C10: I | D10: F | E10: B | F10: M | G10: =_xlfn.CONCAT(C10,D10,E10,F10) -> IFBM | H10: =COUNTIF(IDs!AK:AK,Resumen!G10) -> 7
B11: 5 | C11: I | D11: M | E11: A | F11: J | G11: =_xlfn.CONCAT(C11,D11,E11,F11) -> IMAJ | H11: =COUNTIF(IDs!AK:AK,Resumen!G11) -> 51
B12: 6 | C12: I | D12: M | E12: A | F12: M | G12: =_xlfn.CONCAT(C12,D12,E12,F12) -> IMAM | H12: =COUNTIF(IDs!AK:AK,Resumen!G12) -> 44
B13: 7 | C13: I | D13: M | E13: B | F13: J | G13: =_xlfn.CONCAT(C13,D13,E13,F13) -> IMBJ | H13: =COUNTIF(IDs!AK:AK,Resumen!G13) -> 59
B14: 8 | C14: I | D14: M | E14: B | F14: M | G14: =_xlfn.CONCAT(C14,D14,E14,F14) -> IMBM | H14: =COUNTIF(IDs!AK:AK,Resumen!G14) -> 64
B15: 9 | C15: C | D15: F | E15: A | F15: J | G15: =_xlfn.CONCAT(C15,D15,E15,F15) -> CFAJ | H15: =COUNTIF(IDs!AK:AK,Resumen!G15) -> 86
B16: 10 | C16: C | D16: F | E16: A | F16: M | G16: =_xlfn.CONCAT(C16,D16,E16,F16) -> CFAM | H16: =COUNTIF(IDs!AK:AK,Resumen!G16) -> 71
B17: 11 | C17: C | D17: F | E17: B | F17: J | G17: =_xlfn.CONCAT(C17,D17,E17,F17) -> CFBJ | H17: =COUNTIF(IDs!AK:AK,Resumen!G17) -> 128
B18: 12 | C18: C | D18: F | E18: B | F18: M | G18: =_xlfn.CONCAT(C18,D18,E18,F18) -> CFBM | H18: =COUNTIF(IDs!AK:AK,Resumen!G18) -> 77
... B30: 24 | C30: D | D30: M | E30: B | F30: M | G30: =_xlfn.CONCAT(C30,D30,E30,F30) -> DMBM | H30: =COUNTIF(IDs!AK:AK,Resumen!G30) -> 60

Sheet Base Final
A1: Código | B1: Ideologia | C1: Sexo | D1: Dominancia | E1: Edad | F1: Nombre | G1: ID
A2: CFAJ | B2: =IF(LEFT(A2,1)="I","Izquierda",IF(LEFT(A2,1)="C","Centro","Derecha")) -> Centro | C2: =IF(RIGHT(LEFT(A2,2),1)="F","Femenino","Masculino") -> Femenino | D2: =IF(RIGHT(LEFT(A2,3),1)="A","Alta","Baja") -> Alta | E2: =IF(RIGHT(A2,1)="J","Joven","Mayor") -> Joven | F2: DALGY BIBIANA RICO ANGEL | G2: 10128905
A3: CFAJ | B3: =IF(LEFT(A3,1)="I","Izquierda",IF(LEFT(A3,1)="C","Centro","Derecha")) -> Centro | C3: =IF(RIGHT(LEFT(A3,2),1)="F","Femenino","Masculino") -> Femenino | D3: =IF(RIGHT(LEFT(A3,3),1)="A","Alta","Baja") -> Alta | E3: =IF(RIGHT(A3,1)="J","Joven","Mayor") -> Joven | F3: DIANA LETICIA SALAS MARTINEZ | G3: 212805
A4: CFAJ | B4: =IF(LEFT(A4,1)="I","Izquierda",IF(LEFT(A4,1)="C","Centro","Derecha")) -> Centro | C4: =IF(RIGHT(LEFT(A4,2),1)="F","Femenino","Masculino") -> Femenino | D4: =IF(RIGHT(LEFT(A4,3),1)="A","Alta","Baja") -> Alta | E4: =IF(RIGHT(A4,1)="J","Joven","Mayor") -> Joven | F4: INDIRA GONZALEZ ESTRADA | G4: 1034610
A5: CFAM | B5: =IF(LEFT(A5,1)="I","Izquierda",IF(LEFT(A5,1)="C","Centro","Derecha")) -> Centro | C5: =IF(RIGHT(LEFT(A5,2),1)="F","Femenino","Masculino") -> Femenino | D5: =IF(RIGHT(LEFT(A5,3),1)="A","Alta","Baja") -> Alta | E5: =IF(RIGHT(A5,1)="J","Joven","Mayor") -> Mayor | F5: DALMA OSPINO PEREZ | G5: 1230008
A6: CFAM | B6: =IF(LEFT(A6,1)="I","Izquierda",IF(LEFT(A6,1)="C","Centro","Derecha")) -> Centro | C6: =IF(RIGHT(LEFT(A6,2),1)="F","Femenino","Masculino") -> Femenino | D6: =IF(RIGHT(LEFT(A6,3),1)="A","Alta","Baja") -> Alta | E6: =IF(RIGHT(A6,1)="J","Joven","Mayor") -> Mayor | F6: MARIA ELPIDIA MONSALVE GRACIANO | G6: 10128201
A7: CFAM | B7: =IF(LEFT(A7,1)="I","Izquierda",IF(LEFT(A7,1)="C","Centro","Derecha")) -> Centro | C7: =IF(RIGHT(LEFT(A7,2),1)="F","Femenino","Masculino") -> Femenino | D7: =IF(RIGHT(LEFT(A7,3),1)="A","Alta","Baja") -> Alta | E7: =IF(RIGHT(A7,1)="J","Joven","Mayor") -> Mayor | F7: DIANA MIRELLA MONTENEGRO DAZA | G7: 1077803
A8: CFBJ | B8: =IF(LEFT(A8,1)="I","Izquierda",IF(LEFT(A8,1)="C","Centro","Derecha")) -> Centro | C8: =IF(RIGHT(LEFT(A8,2),1)="F","Femenino","Masculino") -> Femenino | D8: =IF(RIGHT(LEFT(A8,3),1)="A","Alta","Baja") -> Baja | E8: =IF(RIGHT(A8,1)="J","Joven","Mayor") -> Joven | F8: MARIBEL GUISAO DIAZ | G8: 1017604
A9: CFBJ | B9: =IF(LEFT(A9,1)="I","Izquierda",IF(LEFT(A9,1)="C","Centro","Derecha")) -> Centro | C9: =IF(RIGHT(LEFT(A9,2),1)="F","Femenino","Masculino") -> Femenino | D9: =IF(RIGHT(LEFT(A9,3),1)="A","Alta","Baja") -> Baja | E9: =IF(RIGHT(A9,1)="J","Joven","Mayor") -> Joven | F9: SANDRA MILENA GUTIERREZ MORALES | G9: 217906
A10: CFBJ | B10: =IF(LEFT(A10,1)="I","Izquierda",IF(LEFT(A10,1)="C","Centro","Derecha")) -> Centro | C10: =IF(RIGHT(LEFT(A10,2),1)="F","Femenino","Masculino") -> Femenino | D10: =IF(RIGHT(LEFT(A10,3),1)="A","Alta","Baja") -> Baja | E10: =IF(RIGHT(A10,1)="J","Joven","Mayor") -> Joven | F10: CATALINA MARIA LOPERA POSADA | G10: 10115005
A11: CFBM | B11: =IF(LEFT(A11,1)="I","Izquierda",IF(LEFT(A11,1)="C","Centro","Derecha")) -> Centro | C11: =IF(RIGHT(LEFT(A11,2),1)="F","Femenino","Masculino") -> Femenino | D11: =IF(RIGHT(LEFT(A11,3),1)="A","Alta","Baja") -> Baja | E11: =IF(RIGHT(A11,1)="J","Joven","Mayor") -> Mayor | F11: TULIA MARIA DE LAS MERCEDES BARRETO DE GURISATTI | G11: 312206
A12: CFBM | B12: =IF(LEFT(A12,1)="I","Izquierda",IF(LEFT(A12,1)="C","Centro","Derecha")) -> Centro | C12: =IF(RIGHT(LEFT(A12,2),1)="F","Femenino","Masculino") -> Femenino | D12: =IF(RIGHT(LEFT(A12,3),1)="A","Alta","Baja") -> Baja | E12: =IF(RIGHT(A12,1)="J","Joven","Mayor") -> Mayor | F12: LEVIS DANITH MONTIEL ACOSTA | G12: 2820006
A13: CFBM | B13: =IF(LEFT(A13,1)="I","Izquierda",IF(LEFT(A13,1)="C","Centro","Derecha")) -> Centro | C13: =IF(RIGHT(LEFT(A13,2),1)="F","Femenino","Masculino") -> Femenino | D13: =IF(RIGHT(LEFT(A13,3),1)="A","Alta","Baja") -> Baja | E13: =IF(RIGHT(A13,1)="J","Joven","Mayor") -> Mayor | F13: GLORIA FANNY CAUPAZ FLOREZ | G13: 194904
... A73: IMBM | B73: =IF(LEFT(A73,1)="I","Izquierda",IF(LEFT(A73,1)="C","Centro","Derecha")) -> Izquierda | C73: =IF(RIGHT(LEFT(A73,2),1)="F","Femenino","Masculino") -> Masculino | D73: =IF(RIGHT(LEFT(A73,3),1)="A","Alta","Baja") -> Baja | E73: =IF(RIGHT(A73,1)="J","Joven","Mayor") -> Mayor | F73: ORLANDO SIERRA CHAVARRO | G73: 193402
